Workbook

Sheet Projects
A1: DANH MỤC DỰ ÁN & QUẢN TRỊ DANH MỤC (PORTFOLIO PROJECTS)
A2: Theo dõi tiến độ tổng thể, PIC phụ trách, PIC phê duyệt cấp BOD và tỷ lệ hoàn thành theo thời gian thực.
A4: Mã Dự Án | B4: Tên Dự Án (Tiếng Việt) | C4: Mục Tiêu & Mô Tả Dự Án | D4: PIC Phụ Trách / Thực Hiện | E4: PIC Phê Duyệt (BOD/Lead) | F4: Ngày Bắt Đầu | G4: Ngày Kết Thúc Dự Kiến | H4: Trạng Thái Dự Án | I4: Tổng Sub-Tasks | J4: Tasks Xong | K4: Tiến Độ (%) | L4: Đánh Giá & Rủi Ro
A5: DA-01 | B5: Tích hợp Chatbot AI Zalo Group | C5: Xây dựng trợ lý ảo AI tư vấn thẻ VIB ứng dụng mô hình RAG hoạt động trực tiếp trong Zalo Group chăm sóc khách hàng | D5: Đội BA, Đội Lập trình, Kỹ sư AI | E5: BOD (Trưởng ban Dự án) | F5: 46254 | G5: 46264 | H5: Đang thực hiện | I5: =COUNTIF('Task Management'!$C$24:$C$40, B5) | J5: =COUNTIFS('Task Management'!$C$24:$C$40, B5, 'Task Management'!$L$24:$L$40, "Hoàn thành") | K5: =IF(I5>0, J5/I5, 0) | L5: Đúng lộ trình, đang hoàn thiện module RAG và kiểm thử tin nhắn Zalo
A6: DA-02 | B6: Xử lý & Khai phá Bình luận TikTok | C6: Hệ thống tự động cào bình luận kênh TikTok mục tiêu, phân tích cảm xúc và trích xuất insights bằng Gemini 2.5 Flash | D6: Kỹ sư AI, Kỹ sư Dữ liệu, Đội Dev | E6: BOD (Giám đốc Sản phẩm) | F6: 46255 | G6: 46263 | H6: Đang thực hiện | I6: =COUNTIF('Task Management'!$C$24:$C$40, B6) | J6: =COUNTIFS('Task Management'!$C$24:$C$40, B6, 'Task Management'!$L$24:$L$40, "Hoàn thành") | K6: =IF(I6>0, J6/I6, 0) | L6: Đã cào xong dữ liệu, đang huấn luyện trích xuất intent & theo dõi đối thủ
A7: DA-03 | B7: Bảng Điều Hành Ban Giám Đốc (BOD) | C7: Giao diện Dashboard theo dõi chỉ số thời gian thực và Bot Telegram tự động báo cáo định kỳ hàng tuần cho Ban Lãnh Đạo | D7: Lập trình viên Fullstack, Chuyên viên Dữ liệu | E7: Tổng Giám Đốc (CEO / BOD) | F7: 46258 | G7: 46265 | H7: Đang thực hiện | I7: =COUNTIF('Task Management'!$C$24:$C$40, B7) | J7: =COUNTIFS('Task Management'!$C$24:$C$40, B7, 'Task Management'!$L$24:$L$40, "Hoàn thành") | K7: =IF(I7>0, J7/I7, 0) | L7: Telegram Bot đã sẵn sàng, giao diện web Streamlit đang gắn biểu đồ

Sheet Task Management
A1: BẢNG ĐIỀU HÀNH & PHÂN BỔ CÔNG VIỆC (TASK MANAGEMENT)
A2: Quản lý 2 cấp độ: Bảng 1 - Hạng Mục Chính (Main Tasks) & Bảng 2 - Công Việc Chi Tiết (Sub Tasks) đồng bộ tiến độ thời gian thực.
A4: 📌 BẢNG 1: QUẢN LÝ CÁC HẠNG MỤC CHÍNH (MAIN TASKS)
A5: Mã Main Task | B5: Tên Hạng Mục Chính (Main Task) | C5: Thuộc Dự Án | D5: PIC Phụ Trách Chính | E5: PIC Phê Duyệt | F5: Ngày Bắt Đầu | G5: Hạn Chót | H5: Tổng Sub-Tasks | I5: Sub-Tasks Xong | J5: Tiến Độ (%) | K5: Trạng Thái | L5: Mô Tả Trọng Tâm
A6: MT-01 | B6: 1. Thiết kế Cơ sở Dữ liệu & Kiến trúc | C6: Tích hợp Chatbot AI Zalo Group | D6: Đội BA | E6: Tech Lead | F6: 46254 | G6: 46256 | H6: =COUNTIF($B$24:$B$40, A6) | I6: =COUNTIFS($B$24:$B$40, A6, $L$24:$L$40, "Hoàn thành") | J6: =IF(H6>0, I6/H6, 0) | K6: Hoàn thành | L6: Thiết lập cấu trúc CSDL PostgreSQL và schema hệ thống
A7: MT-02 | B7: 2. Phát triển Engine AI RAG & Logic Thẻ | C7: Tích hợp Chatbot AI Zalo Group | D7: Đội Dev | E7: Tech Lead | F7: 46257 | G7: 46261 | H7: =COUNTIF($B$24:$B$40, A7) | I7: =COUNTIFS($B$24:$B$40, A7, $L$24:$L$40, "Hoàn thành") | J7: =IF(H7>0, I7/H7, 0) | K7: Đang thực hiện | L7: Embedding vector search và logic trả lời tư vấn thẻ
A8: MT-03 | B8: 3. Tích hợp Zalo Webhook & Realtime Sync | C8: Tích hợp Chatbot AI Zalo Group | D8: Kỹ sư AI | E8: BOD (Trưởng ban DA) | F8: 46259 | G8: 46259 | H8: =COUNTIF($B$24:$B$40, A8) | I8: =COUNTIFS($B$24:$B$40, A8, $L$24:$L$40, "Hoàn thành") | J8: =IF(H8>0, I8/H8, 0) | K8: Hoàn thành | L8: BOD yêu cầu: Đồng bộ trả lời thời gian thực trên Zalo Group
A9: MT-04 | B9: 1. Hệ thống Thu thập Dữ liệu (Scraping) | C9: Xử lý & Khai phá Bình luận TikTok | D9: Đội Dev | E9: Product Lead | F9: 46255 | G9: 46257 | H9: =COUNTIF($B$24:$B$40, A9) | I9: =COUNTIFS($B$24:$B$40, A9, $L$24:$L$40, "Hoàn thành") | J9: =IF(H9>0, I9/H9, 0) | K9: Hoàn thành | L9: Tích hợp Apify API tự động cào bình luận định kỳ
A10: MT-05 | B10: 2. AI Phân tích & Trích xuất Insights | C10: Xử lý & Khai phá Bình luận TikTok | D10: Kỹ sư AI | E10: Product Lead | F10: 46258 | G10: 46262 | H10: =COUNTIF($B$24:$B$40, A10) | I10: =COUNTIFS($B$24:$B$40, A10, $L$24:$L$40, "Hoàn thành") | J10: =IF(H10>0, I10/H10, 0) | K10: Đang thực hiện | L10: Trích xuất cảm xúc, nhu cầu mở thẻ bằng Gemini 2.5 Flash
A11: MT-06 | B11: 3. Giám sát Đối thủ & Chiến dịch Promo | C11: Xử lý & Khai phá Bình luận TikTok | D11: Kỹ sư AI | E11: BOD (Giám đốc Sản phẩm) | F11: 46260 | G11: 46263 | H11: =COUNTIF($B$24:$B$40, A11) | I11: =COUNTIFS($B$24:$B$40, A11, $L$24:$L$40, "Hoàn thành") | J11: =IF(H11>0, I11/H11, 0) | K11: Chưa bắt đầu | L11: BOD yêu cầu: Theo dõi chiến dịch thẻ VPBank, Techcombank
A12: MT-07 | B12: 1. Xây dựng Giao diện Điều hành (Web App) | C12: Bảng Điều Hành Ban Giám Đốc (BOD) | D12: Fullstack Dev | E12: CEO / BOD | F12: 46258 | G12: 46260 | H12: =COUNTIF($B$24:$B$40, A12) | I12: =COUNTIFS($B$24:$B$40, A12, $L$24:$L$40, "Hoàn thành") | J12: =IF(H12>0, I12/H12, 0) | K12: Đang thực hiện | L12: Giao diện Streamlit tương tác lọc theo ngày, kênh, chỉ số
A13: MT-08 | B13: 2. Tự động hóa Báo cáo Định kỳ (Telegram) | C13: Bảng Điều Hành Ban Giám Đốc (BOD) | D13: Fullstack Dev | E13: CEO / BOD | F13: 46259 | G13: 46260 | H13: =COUNTIF($B$24:$B$40, A13) | I13: =COUNTIFS($B$24:$B$40, A13, $L$24:$L$40, "Hoàn thành") | J13: =IF(H13>0, I13/H13, 0) | K13: Hoàn thành | L13: BOD yêu cầu: Bot Telegram tự động gửi báo cáo tóm tắt sáng thứ 2
A22: 📝 BẢNG 2: QUẢN LÝ CÔNG VIỆC CHI TIẾT (SUB TASKS)
A23: Mã Sub Task | B23: Thuộc Main Task | C23: Thuộc Dự Án | D23: Nội Dung Công Việc Chi Tiết (Sub Task) | E23: Phân Loại Task | F23: PIC Thực Hiện | G23: PIC Phê Duyệt | H23: Mức Ưu Tiên | I23: Ngày Bắt Đầu | J23: Hạn Chót (Due Date) | K23: Ngày Xong Thực Tế | L23: Trạng Thái | M23: Tiến Độ | N23: Ghi Chú / Link Báo Cáo
A24: ST-001 | B24: MT-01 | C24: Tích hợp Chatbot AI Zalo Group | D24: Khởi tạo Supabase PostgreSQL DB Schema (Bảng comments, insights, chat_logs) | E24: Kế hoạch | F24: Đội BA | G24: Tech Lead | H24: Cao | I24: 46254 | J24: 46256 | K24: 46256 | L24: Hoàn thành | M24: 1 | N24: Đã hoàn thành khởi tạo bảng và index tìm kiếm
A25: ST-002 | B25: MT-02 | C25: Tích hợp Chatbot AI Zalo Group | D25: Cài đặt thuật toán RAG Semantic Search & Bộ quy tắc tư vấn thẻ tín dụng VIB | E25: Kế hoạch | F25: Đội Dev | G25: Tech Lead | H25: Cao | I25: 46257 | J25: 46261 | L25: Đang thực hiện | M25: 0.8 | N25: Sử dụng text-embedding-3-small, đang tinh chỉnh prompt
A26: ST-003 | B26: MT-03 | C26: Tích hợp Chatbot AI Zalo Group | D26: BOD Yêu cầu khẩn: Đồng bộ tin nhắn phản hồi real-time vào Zalo Group khách hàng | E26: BOD Giao thêm | F26: Kỹ sư AI | G26: BOD (Trưởng ban DA) | H26: Khẩn cấp | I26: 46259 | J26: 46259 | K26: 46259 | L26: Hoàn thành | M26: 1 | N26: Đã xử lý xong webhook phản hồi < 1s
A27: ST-004 | B27: MT-04 | C27: Xử lý & Khai phá Bình luận TikTok | D27: Tích hợp API Apify TikTok Scraper & Lập lịch tự động cào bình luận kênh mục tiêu | E27: Kế hoạch | F27: Đội Dev | G27: Product Lead | H27: Cao | I27: 46255 | J27: 46257 | K27: 46257 | L27: Hoàn thành | M27: 1 | N27: Đã tự động cào 500+ bình luận mỗi ngày
A28: ST-005 | B28: MT-05 | C28: Xử lý & Khai phá Bình luận TikTok | D28: Xây dựng pipeline phân tích cảm xúc & trích xuất nhu cầu mở thẻ với Gemini 2.5 Flash | E28: Kế hoạch | F28: Kỹ sư AI | G28: Product Lead | H28: Trung bình | I28: 46258 | J28: 46262 | L28: Đang thực hiện | M28: 0.7 | N28: Đầu ra chuẩn Structured JSON phục vụ Dashboard
A29: ST-006 | B29: MT-06 | C29: Xử lý & Khai phá Bình luận TikTok | D29: BOD Yêu cầu: Theo dõi chiến dịch khuyến mãi & phản hồi khách hàng đối thủ VPBank, Techcombank | E29: BOD Giao thêm | F29: Kỹ sư AI | G29: BOD (Giám đốc Sản phẩm) | H29: Cao | I29: 46260 | J29: 46263 | L29: Chưa bắt đầu | M29: 0 | N29: Đã thu thập danh sách URL kênh đối thủ
A30: ST-007 | B30: MT-07 | C30: Bảng Điều Hành Ban Giám Đốc (BOD) | D30: Phát triển giao diện Streamlit Executive Dashboard với bộ lọc và biểu đồ phân tích sâu | E30: Kế hoạch | F30: Fullstack Dev | G30: CEO / BOD | H30: Cao | I30: 46258 | J30: 46260 | L30: Đang thực hiện | M30: 0.85 | N30: Đã gắn xong bộ lọc và đồ thị tỷ lệ chuyển đổi
A31: ST-008 | B31: MT-08 | C31: Bảng Điều Hành Ban Giám Đốc (BOD) | D31: BOD Yêu cầu: Xây dựng Telegram Bot tự động gửi thông báo báo cáo tuần định kỳ cho Ban Giám Đốc | E31: BOD Giao thêm | F31: Fullstack Dev | G31: CEO / BOD | H31: Cao | I31: 46259 | J31: 46260 | K31: 46260 | L31: Hoàn thành | M31: 1 | N31: Đã lập lịch n8n cron trigger gửi 8h sáng thứ Hai

Sheet Gantt_Chart
A1: BIỂU ĐỒ TIẾN ĐỘ DỰ ÁN & CÔNG VIỆC (GANTT CHART)
A2: Trực quan hóa timeline thực hiện của từng Main Task / Sub Task theo từng ngày từ 20/08/2026 đến 05/09/2026.
A4: Mã Sub Task | B4: Thuộc Dự Án | C4: Công Việc Chi Tiết | D4: PIC | E4: Bắt Đầu | F4: Hạn Chót | G4: Tiến Độ | H4: Trạng Thái | I4: 20/08 | J4: 21/08 | K4: 22/08 | L4: 23/08 | M4: 24/08 | N4: 25/08 | O4: 26/08 | P4: 27/08 | Q4: 28/08 | R4: 29/08 | S4: 30/08 | T4: 31/08 | U4: 01/09 | V4: 02/09 | W4: 03/09 | X4: 04/09 | Y4: 05/09
A5: ='Task Management'!A24 | B5: ='Task Management'!C24 | C5: ='Task Management'!D24 | D5: ='Task Management'!F24 | E5: ='Task Management'!I24 | F5: ='Task Management'!J24 | G5: ='Task Management'!M24 | H5: ='Task Management'!L24 | I5: ■ | J5: ■ | K5: ■
A6: ='Task Management'!A25 | B6: ='Task Management'!C25 | C6: ='Task Management'!D25 | D6: ='Task Management'!F25 | E6: ='Task Management'!I25 | F6: ='Task Management'!J25 | G6: ='Task Management'!M25 | H6: ='Task Management'!L25 | L6: ■ | M6: ■ | N6: ■ | O6: ■ | P6: ■
A7: ='Task Management'!A26 | B7: ='Task Management'!C26 | C7: ='Task Management'!D26 | D7: ='Task Management'!F26 | E7: ='Task Management'!I26 | F7: ='Task Management'!J26 | G7: ='Task Management'!M26 | H7: ='Task Management'!L26 | N7: ■
A8: ='Task Management'!A27 | B8: ='Task Management'!C27 | C8: ='Task Management'!D27 | D8: ='Task Management'!F27 | E8: ='Task Management'!I27 | F8: ='Task Management'!J27 | G8: ='Task Management'!M27 | H8: ='Task Management'!L27 | J8: ■ | K8: ■ | L8: ■
A9: ='Task Management'!A28 | B9: ='Task Management'!C28 | C9: ='Task Management'!D28 | D9: ='Task Management'!F28 | E9: ='Task Management'!I28 | F9: ='Task Management'!J28 | G9: ='Task Management'!M28 | H9: ='Task Management'!L28 | M9: ■ | N9: ■ | O9: ■ | P9: ■ | Q9: ■
A10: ='Task Management'!A29 | B10: ='Task Management'!C29 | C10: ='Task Management'!D29 | D10: ='Task Management'!F29 | E10: ='Task Management'!I29 | F10: ='Task Management'!J29 | G10: ='Task Management'!M29 | H10: ='Task Management'!L29 | O10: □ | P10: □ | Q10: □ | R10: □
A11: ='Task Management'!A30 | B11: ='Task Management'!C30 | C11: ='Task Management'!D30 | D11: ='Task Management'!F30 | E11: ='Task Management'!I30 | F11: ='Task Management'!J30 | G11: ='Task Management'!M30 | H11: ='Task Management'!L30 | M11: ■ | N11: ■ | O11: ■
A12: ='Task Management'!A31 | B12: ='Task Management'!C31 | C12: ='Task Management'!D31 | D12: ='Task Management'!F31 | E12: ='Task Management'!I31 | F12: ='Task Management'!J31 | G12: ='Task Management'!M31 | H12: ='Task Management'!L31 | N12: ■ | O12: ■
B14: CHÚ THÍCH TIẾN ĐỘ: | C14: ■ Hoàn thành (Completed) | D14: ■ Đang làm (In Progress) | E14: □ Chưa bắt đầu (Not Started)
