Workbook

Sheet Projects
A1: DANH MỤC DỰ ÁN & QUẢN TRỊ DANH MỤC (PORTFOLIO PROJECTS)
A2: Theo dõi tiến độ tổng thể, PIC phụ trách, PIC phê duyệt cấp BOD và tỷ lệ hoàn thành theo thời gian thực.
A4: Mã Dự Án | B4: Tên Dự Án (Project Name) | C4: Mô Tả Mục Tiêu | D4: PIC Liên Quan / Thực Hiện | E4: PIC Phê Duyệt (Approver) | F4: Ngày Bắt Đầu | G4: Ngày Kết Thúc Dự Kiến | H4: Trạng Thái | I4: Tổng Task | J4: Task Xong | K4: Tiến Độ (%) | L4: Đánh Giá / Rủi Ro
A5: PRJ-01 | B5: Zalo Chatbot Integration | C5: Xây dựng Chatbot AI VIB Max Card tích hợp RAG trên Zalo Group chăm sóc khách hàng | D5: BA Team, Dev Team, AI Eng | E5: BOD (Trưởng ban DA) | F5: 46254 | G5: 46264 | H5: Đang thực hiện | I5: =COUNTIF('Task Management'!$B$5:$B$30, B5) | J5: =COUNTIFS('Task Management'!$B$5:$B$30, B5, 'Task Management'!$L$5:$L$30, "Hoàn thành") | K5: =IF(I5>0, J5/I5, 0) | L5: Đúng tiến độ, cần kiểm tra tải trên Zalo Group
A6: PRJ-02 | B6: TikTok Comments Processor | C6: Hệ thống tự động cào bình luận TikTok và phân tích trích xuất insights bằng Gemini 2.5 Flash | D6: AI Eng, Data Eng, Dev Team | E6: BOD (Giám đốc Sản phẩm) | F6: 46255 | G6: 46263 | H6: Đang thực hiện | I6: =COUNTIF('Task Management'!$B$5:$B$30, B6) | J6: =COUNTIFS('Task Management'!$B$5:$B$30, B6, 'Task Management'!$L$5:$L$30, "Hoàn thành") | K6: =IF(I6>0, J6/I6, 0) | L6: Đang mở rộng theo dõi chiến dịch đối thủ theo lệnh BOD
A7: PRJ-03 | B7: BOD Executive Dashboard | C7: Bảng điều hành số liệu thời gian thực và Bot Telegram tự động gửi báo cáo định kỳ cho Ban Giám Đốc | D7: Fullstack Dev, Data Analyst | E7: CEO / BOD | F7: 46258 | G7: 46265 | H7: Đang thực hiện | I7: =COUNTIF('Task Management'!$B$5:$B$30, B7) | J7: =COUNTIFS('Task Management'!$B$5:$B$30, B7, 'Task Management'!$L$5:$L$30, "Hoàn thành") | K7: =IF(I7>0, J7/I7, 0) | L7: Telegram Bot đã sẵn sàng, đang hoàn thiện giao diện Dashboard

Sheet Task Management
A1: BẢNG QUẢN LÝ CÔNG VIỆC CHI TIẾT (MAIN TASK & SUB TASK)
A2: Phân cấp nhiệm vụ chính (Main Task) và nhiệm vụ con (Sub Task), theo dõi PIC thực hiện, PIC phê duyệt, Deadline và Trạng thái.
A4: Mã Task | B4: Thuộc Dự Án (Project) | C4: Hạng Mục Chính (Main Task) | D4: Công Việc Chi Tiết (Sub Task) | E4: Loại Task | F4: PIC Thực Hiện | G4: PIC Phê Duyệt | H4: Mức Ưu Tiên | I4: Ngày Bắt Đầu | J4: Hạn Chót (Due Date) | K4: Ngày Xong Thực Tế | L4: Trạng Thái | M4: Tiến Độ | N4: Ghi Chú / Kết Quả Đạt Được
A5: TSK-001 | B5: Zalo Chatbot Integration | C5: 1. Thiết kế CSDL & Kiến trúc Dữ liệu | D5: Thiết kế và khởi tạo Supabase PostgreSQL Schema (Tables: comments, insights, chat_logs) | E5: Kế hoạch | F5: BA Team | G5: Tech Lead | H5: Cao | I5: 46254 | J5: 46256 | K5: 46256 | L5: Hoàn thành | M5: 1 | N5: Đã deploy schema và test query thành công
A6: TSK-002 | B6: Zalo Chatbot Integration | C6: 2. Phát triển Engine AI RAG & Logic Thẻ | D6: Implement RAG Semantic Search & Bộ quy tắc tính năng thẻ VIB (Embedding text-embedding-3-small) | E6: Kế hoạch | F6: Dev Team | G6: Tech Lead | H6: Cao | I6: 46257 | J6: 46261 | L6: Đang thực hiện | M6: 0.8 | N6: Đang tối ưu độ chính xác phản hồi RAG
A7: TSK-003 | B7: Zalo Chatbot Integration | C7: 3. Tích hợp Zalo Webhook & Realtime Sync | D7: BOD Yêu cầu khẩn: Đồng bộ tin nhắn real-time trên Zalo Group khách hàng | E7: BOD Giao thêm | F7: AI Eng | G7: BOD | H7: Khẩn cấp | I7: 46259 | J7: 46259 | K7: 46259 | L7: Hoàn thành | M7: 1 | N7: Đã kích hoạt Zalo Webhook và xử lý độ trễ < 1s
A8: TSK-004 | B8: TikTok Comments Processor | C8: 1. Hệ thống Thu thập Dữ liệu (Scraping) | D8: Tích hợp API Apify TikTok Scraper & Lập lịch tự động cào bình luận kênh mục tiêu | E8: Kế hoạch | F8: Dev Team | G8: Product Lead | H8: Cao | I8: 46255 | J8: 46257 | K8: 46257 | L8: Hoàn thành | M8: 1 | N8: Auto cào 500+ comment mỗi ngày
A9: TSK-005 | B9: TikTok Comments Processor | C9: 2. AI Phân tích & Trích xuất Insights | D9: Xây dựng pipeline phân tích cảm xúc & trích xuất nhu cầu bằng Gemini 2.5 Flash (Structured JSON) | E9: Kế hoạch | F9: AI Eng | G9: Product Lead | H9: Trung bình | I9: 46258 | J9: 46262 | L9: Đang thực hiện | M9: 0.7 | N9: Đang test prompt trích xuất Intent và Pain-points
A10: TSK-006 | B10: TikTok Comments Processor | C10: 3. Giám sát Đối thủ & Chiến dịch Promo | D10: BOD Yêu cầu: Theo dõi chiến dịch khuyến mãi mở thẻ của VPBank, Techcombank | E10: BOD Giao thêm | F10: AI Eng | G10: BOD | H10: Cao | I10: 46260 | J10: 46263 | L10: Chưa bắt đầu | M10: 0 | N10: Đã nhận danh sách link kênh đối thủ từ BOD
A11: TSK-007 | B11: BOD Executive Dashboard | C11: 1. Xây dựng Giao diện Điều hành (Web App) | D11: Phát triển Streamlit Executive Dashboard với bộ lọc tương tác, biểu đồ tỷ lệ chuyển đổi và RAG insights | E11: Kế hoạch | F11: Fullstack Dev | G11: CEO / BOD | H11: Cao | I11: 46258 | J11: 46260 | L11: Đang thực hiện | M11: 0.85 | N11: Đã tích hợp xong biểu đồ phân tích và metrics
A12: TSK-008 | B12: BOD Executive Dashboard | C12: 2. Tự động hóa Báo cáo Định kỳ (Telegram) | D12: BOD Yêu cầu: Phát triển Bot Telegram tự động tổng hợp số liệu tuần và gửi thông báo cho Ban Giám Đốc | E12: BOD Giao thêm | F12: Fullstack Dev | G12: CEO / BOD | H12: Cao | I12: 46259 | J12: 46260 | K12: 46260 | L12: Hoàn thành | M12: 1 | N12: Đã cấu hình n8n cron trigger định kỳ 8:00 sáng Thứ Hai

Sheet Gantt_Chart
A1: BIỂU ĐỒ TIẾN ĐỘ DỰ ÁN & CÔNG VIỆC (GANTT CHART)
A2: Trực quan hóa timeline thực hiện của từng Main Task / Sub Task theo từng ngày từ 20/08/2026 đến 05/09/2026.
A4: Mã Task | B4: Dự Án | C4: Hạng Mục / Công Việc | D4: PIC | E4: Bắt Đầu | F4: Kết Thúc | G4: Tiến Độ | H4: Trạng Thái | I4: 20/08 | J4: 21/08 | K4: 22/08 | L4: 23/08 | M4: 24/08 | N4: 25/08 | O4: 26/08 | P4: 27/08 | Q4: 28/08 | R4: 29/08 | S4: 30/08 | T4: 31/08 | U4: 01/09 | V4: 02/09 | W4: 03/09 | X4: 04/09 | Y4: 05/09
A5: ='Task Management'!A5 | B5: ='Task Management'!B5 | C5: ='Task Management'!D5 | D5: ='Task Management'!F5 | E5: ='Task Management'!I5 | F5: ='Task Management'!J5 | G5: ='Task Management'!M5 | H5: ='Task Management'!L5 | I5: ■ | J5: ■ | K5: ■
A6: ='Task Management'!A6 | B6: ='Task Management'!B6 | C6: ='Task Management'!D6 | D6: ='Task Management'!F6 | E6: ='Task Management'!I6 | F6: ='Task Management'!J6 | G6: ='Task Management'!M6 | H6: ='Task Management'!L6 | L6: ■ | M6: ■ | N6: ■ | O6: ■ | P6: ■
A7: ='Task Management'!A7 | B7: ='Task Management'!B7 | C7: ='Task Management'!D7 | D7: ='Task Management'!F7 | E7: ='Task Management'!I7 | F7: ='Task Management'!J7 | G7: ='Task Management'!M7 | H7: ='Task Management'!L7 | N7: ■
A8: ='Task Management'!A8 | B8: ='Task Management'!B8 | C8: ='Task Management'!D8 | D8: ='Task Management'!F8 | E8: ='Task Management'!I8 | F8: ='Task Management'!J8 | G8: ='Task Management'!M8 | H8: ='Task Management'!L8 | J8: ■ | K8: ■ | L8: ■
A9: ='Task Management'!A9 | B9: ='Task Management'!B9 | C9: ='Task Management'!D9 | D9: ='Task Management'!F9 | E9: ='Task Management'!I9 | F9: ='Task Management'!J9 | G9: ='Task Management'!M9 | H9: ='Task Management'!L9 | M9: ■ | N9: ■ | O9: ■ | P9: ■ | Q9: ■
A10: ='Task Management'!A10 | B10: ='Task Management'!B10 | C10: ='Task Management'!D10 | D10: ='Task Management'!F10 | E10: ='Task Management'!I10 | F10: ='Task Management'!J10 | G10: ='Task Management'!M10 | H10: ='Task Management'!L10 | O10: □ | P10: □ | Q10: □ | R10: □
A11: ='Task Management'!A11 | B11: ='Task Management'!B11 | C11: ='Task Management'!D11 | D11: ='Task Management'!F11 | E11: ='Task Management'!I11 | F11: ='Task Management'!J11 | G11: ='Task Management'!M11 | H11: ='Task Management'!L11 | M11: ■ | N11: ■ | O11: ■
A12: ='Task Management'!A12 | B12: ='Task Management'!B12 | C12: ='Task Management'!D12 | D12: ='Task Management'!F12 | E12: ='Task Management'!I12 | F12: ='Task Management'!J12 | G12: ='Task Management'!M12 | H12: ='Task Management'!L12 | N12: ■ | O12: ■
B14: CHÚ THÍCH TIẾN ĐỘ: | C14: ■ Hoàn thành (Completed) | D14: ■ Đang làm (In Progress) | E14: □ Chưa bắt đầu (Not Started)
